A_x,A_y,A_z,G_x,G_y,G_z,State,A_vec,G_vec
0.176269531,-0.933837891,0.098144531,-13.54980469,-55.22918701,0.32043457,0,0.955382909,56.86794337
0.176269531,-0.933837891,0.098144531,-13.54980469,-55.22918701,0.32043457,0,0.955382909,56.86794337
0.176269531,-0.933837891,0.098144531,-13.54980469,-55.22918701,0.32043457,0,0.955382909,56.86794337
0.176269531,-0.933837891,0.098144531,-13.54980469,-55.22918701,0.32043457,0,0.955382909,56.86794337
0.077880859,-1.070556641,0.053222656,-2.220153809,-13.90838623,4.402160645,0,1.074704425,14.75639891
0.077880859,-1.070556641,0.053222656,-2.220153809,-13.90838623,4.402160645,0,1.074704425,14.75639891
0.077880859,-1.070556641,0.053222656,-2.220153809,-13.90838623,4.402160645,0,1.074704425,14.75639891
0.077880859,-1.070556641,0.053222656,-2.220153809,-13.90838623,4.402160645,0,1.074704425,14.75639891
0.264404297,-0.945556641,0.087646484,41.00799561,-42.96875,-11.18469238,0,0.985732671,60.44060327
0.264404297,-0.945556641,0.087646484,41.00799561,-42.96875,-11.18469238,0,0.985732671,60.44060327
0.264404297,-0.945556641,0.087646484,41.00799561,-42.96875,-11.18469238,0,0.985732671,60.44060327
0.264404297,-0.945556641,0.087646484,41.00799561,-42.96875,-11.18469238,0,0.985732671,60.44060327
0.144775391,-0.936523438,0.104736328,12.75634766,-69.06890869,-13.90838623,0,0.953417936,71.60085028
0.144775391,-0.936523438,0.104736328,12.75634766,-69.06890869,-13.90838623,0,0.953417936,71.60085028
0.144775391,-0.936523438,0.104736328,12.75634766,-69.06890869,-13.90838623,0,0.953417936,71.60085028
0.144775391,-0.936523438,0.104736328,12.75634766,-69.06890869,-13.90838623,0,0.953417936,71.60085028
0.144775391,-0.936523438,0.104736328,12.75634766,-69.06890869,-13.90838623,0,0.953417936,71.60085028
0.332519531,-0.908935547,0.359619141,-16.83044434,-1.815795898,15.69366455,0,1.032501328,23.08358894
0.332519531,-0.908935547,0.359619141,-16.83044434,-1.815795898,15.69366455,0,1.032501328,23.08358894
0.332519531,-0.908935547,0.359619141,-16.83044434,-1.815795898,15.69366455,0,1.032501328,23.08358894
0.332519531,-0.908935547,0.359619141,-16.83044434,-1.815795898,15.69366455,0,1.032501328,23.08358894
0.121337891,-1.019287109,0.080078125,-5.180358887,38.28430176,-2.227783203,0,1.029602642,38.69737584
0.121337891,-1.019287109,0.080078125,-5.180358887,38.28430176,-2.227783203,0,1.029602642,38.69737584
0.121337891,-1.019287109,0.080078125,-5.180358887,38.28430176,-2.227783203,0,1.029602642,38.69737584
0.121337891,-1.019287109,0.080078125,-5.180358887,38.28430176,-2.227783203,0,1.029602642,38.69737584
0.258544922,-0.977294922,0.126220703,-5.462646484,34.95788574,-17.23480225,0,1.018765187,39.35648219
0.258544922,-0.977294922,0.126220703,-5.462646484,34.95788574,-17.23480225,0,1.018765187,39.35648219
0.258544922,-0.977294922,0.126220703,-5.462646484,34.95788574,-17.23480225,0,1.018765187,39.35648219
0.258544922,-0.977294922,0.126220703,-5.462646484,34.95788574,-17.23480225,0,1.018765187,39.35648219
0.295898438,-0.985839844,0.140869141,-8.331298828,22.12524414,-2.983093262,0,1.038884112,23.82930578
0.295898438,-0.985839844,0.140869141,-8.331298828,22.12524414,-2.983093262,0,1.038884112,23.82930578
0.295898438,-0.985839844,0.140869141,-8.331298828,22.12524414,-2.983093262,0,1.038884112,23.82930578
0.295898438,-0.985839844,0.140869141,-8.331298828,22.12524414,-2.983093262,0,1.038884112,23.82930578
0.220214844,-0.963134766,0.139160156,-3.089904785,-19.65332031,1.617431641,0,0.997741802,19.96037565
0.220214844,-0.963134766,0.139160156,-3.089904785,-19.65332031,1.617431641,0,0.997741802,19.96037565
0.220214844,-0.963134766,0.139160156,-3.089904785,-19.65332031,1.617431641,0,0.997741802,19.96037565
0.220214844,-0.963134766,0.139160156,-3.089904785,-19.65332031,1.617431641,0,0.997741802,19.96037565
0.252197266,-0.926025391,0.129638672,0.205993652,-24.17755127,1.678466797,0,0.968469241,24.23661836
0.252197266,-0.926025391,0.129638672,0.205993652,-24.17755127,1.678466797,0,0.968469241,24.23661836
0.252197266,-0.926025391,0.129638672,0.205993652,-24.17755127,1.678466797,0,0.968469241,24.23661836
0.197021484,-1.041015625,0.071533203,-10.75744629,10.13946533,-6.187438965,0,1.061907715,16.02547375
0.197021484,-1.041015625,0.071533203,-10.75744629,10.13946533,-6.187438965,0,1.061907715,16.02547375
0.197021484,-1.041015625,0.071533203,-10.75744629,10.13946533,-6.187438965,0,1.061907715,16.02547375
0.197021484,-1.041015625,0.071533203,-10.75744629,10.13946533,-6.187438965,0,1.061907715,16.02547375
0.186279297,-0.944824219,0.122558594,3.463745117,-31.70776367,1.815795898,0,0.970779784,31.94803471
0.186279297,-0.944824219,0.122558594,3.463745117,-31.70776367,1.815795898,0,0.970779784,31.94803471
0.186279297,-0.944824219,0.122558594,3.463745117,-31.70776367,1.815795898,0,0.970779784,31.94803471
0.186279297,-0.944824219,0.122558594,3.463745117,-31.70776367,1.815795898,0,0.970779784,31.94803471
0.371582031,-0.963378906,0.086669922,-16.51000977,21.2097168,-10.84899902,0,1.036187144,28.98505285
0.371582031,-0.963378906,0.086669922,-16.51000977,21.2097168,-10.84899902,0,1.036187144,28.98505285
0.371582031,-0.963378906,0.086669922,-16.51000977,21.2097168,-10.84899902,0,1.036187144,28.98505285
0.371582031,-0.963378906,0.086669922,-16.51000977,21.2097168,-10.84899902,0,1.036187144,28.98505285
0.089355469,-0.961181641,0.12890625,-13.45062256,-7.15637207,-8.30078125,0,0.973894947,17.35038552
0.089355469,-0.961181641,0.12890625,-13.45062256,-7.15637207,-8.30078125,0,0.973894947,17.35038552
0.089355469,-0.961181641,0.12890625,-13.45062256,-7.15637207,-8.30078125,0,0.973894947,17.35038552
0.089355469,-0.961181641,0.12890625,-13.45062256,-7.15637207,-8.30078125,0,0.973894947,17.35038552
0.104736328,-1.002685547,0.028564453,18.40209961,-36.85760498,-17.69256592,0,1.008545454,44.8346652
0.104736328,-1.002685547,0.028564453,18.40209961,-36.85760498,-17.69256592,0,1.008545454,44.8346652
0.104736328,-1.002685547,0.028564453,18.40209961,-36.85760498,-17.69256592,0,1.008545454,44.8346652
0.104736328,-1.002685547,0.028564453,18.40209961,-36.85760498,-17.69256592,0,1.008545454,44.8346652
0.256103516,-0.950439453,0.072021484,12.10784912,-41.23687744,-9.620666504,0,0.986970749,44.04131351
0.256103516,-0.950439453,0.072021484,12.10784912,-41.23687744,-9.620666504,0,0.986970749,44.04131351
0.256103516,-0.950439453,0.072021484,12.10784912,-41.23687744,-9.620666504,0,0.986970749,44.04131351
0.256103516,-0.950439453,0.072021484,12.10784912,-41.23687744,-9.620666504,0,0.986970749,44.04131351
0.412109375,-0.918457031,0.273193359,17.92907715,-16.63208008,3.547668457,0,1.043087756,24.7116136
0.412109375,-0.918457031,0.273193359,17.92907715,-16.63208008,3.547668457,0,1.043087756,24.7116136
0.412109375,-0.918457031,0.273193359,17.92907715,-16.63208008,3.547668457,0,1.043087756,24.7116136
0.412109375,-0.918457031,0.273193359,17.92907715,-16.63208008,3.547668457,0,1.043087756,24.7116136
0.253173828,-1.073974609,0.147949219,-26.71051025,-15.41900635,2.258300781,0,1.113286765,30.92405273
0.253173828,-1.073974609,0.147949219,-26.71051025,-15.41900635,2.258300781,0,1.113286765,30.92405273
0.253173828,-1.073974609,0.147949219,-26.71051025,-15.41900635,2.258300781,0,1.113286765,30.92405273
0.253173828,-1.073974609,0.147949219,-26.71051025,-15.41900635,2.258300781,0,1.113286765,30.92405273
0.054443359,-1.164794922,0.025146484,31.53991699,-27.1987915,-23.97155762,0,1.166337702,48.05388848
0.054443359,-1.164794922,0.025146484,31.53991699,-27.1987915,-23.97155762,0,1.166337702,48.05388848
0.054443359,-1.164794922,0.025146484,31.53991699,-27.1987915,-23.97155762,0,1.166337702,48.05388848
0.054443359,-1.164794922,0.025146484,31.53991699,-27.1987915,-23.97155762,0,1.166337702,48.05388848
0.302001953,-0.843017578,0.135009766,0.65612793,-6.019592285,1.312255859,0,0.905600052,6.195805886
0.302001953,-0.843017578,0.135009766,0.65612793,-6.019592285,1.312255859,0,0.905600052,6.195805886
0.302001953,-0.843017578,0.135009766,0.65612793,-6.019592285,1.312255859,0,0.905600052,6.195805886
0.302001953,-0.843017578,0.135009766,0.65612793,-6.019592285,1.312255859,0,0.905600052,6.195805886
0.258544922,-0.826904297,-0.083984375,-38.83361816,-10.62011719,20.20263672,0,0.870442168,45.04423736
0.258544922,-0.826904297,-0.083984375,-38.83361816,-10.62011719,20.20263672,0,0.870442168,45.04423736
0.258544922,-0.826904297,-0.083984375,-38.83361816,-10.62011719,20.20263672,0,0.870442168,45.04423736
0.258544922,-0.826904297,-0.083984375,-38.83361816,-10.62011719,20.20263672,0,0.870442168,45.04423736
0.134765625,-0.948730469,0.121826172,17.66204834,-14.67895508,1.564025879,0,0.965967335,23.01881515
0.134765625,-0.948730469,0.121826172,17.66204834,-14.67895508,1.564025879,0,0.965967335,23.01881515
0.134765625,-0.948730469,0.121826172,17.66204834,-14.67895508,1.564025879,0,0.965967335,23.01881515
0.134765625,-0.948730469,0.121826172,17.66204834,-14.67895508,1.564025879,0,0.965967335,23.01881515
0.303466797,-0.930664063,0.070800781,-20.85876465,-28.32794189,-2.166748047,0,0.981448137,35.24564018
0.303466797,-0.930664063,0.070800781,-20.85876465,-28.32794189,-2.166748047,0,0.981448137,35.24564018
0.303466797,-0.930664063,0.070800781,-20.85876465,-28.32794189,-2.166748047,0,0.981448137,35.24564018
0.303466797,-0.930664063,0.070800781,-20.85876465,-28.32794189,-2.166748047,0,0.981448137,35.24564018
0.390136719,-0.833496094,0.157226563,-41.82434082,8.155822754,22.7355957,0,0.933618011,48.29803559
0.390136719,-0.833496094,0.157226563,-41.82434082,8.155822754,22.7355957,0,0.933618011,48.29803559
0.390136719,-0.833496094,0.157226563,-41.82434082,8.155822754,22.7355957,0,0.933618011,48.29803559
0.390136719,-0.833496094,0.157226563,-41.82434082,8.155822754,22.7355957,0,0.933618011,48.29803559
0.109130859,-0.927734375,0.174804688,-1.251220703,-2.212524414,4.241943359,0,0.950345881,4.945189682
0.109130859,-0.927734375,0.174804688,-1.251220703,-2.212524414,4.241943359,0,0.950345881,4.945189682
0.109130859,-0.927734375,0.174804688,-1.251220703,-2.212524414,4.241943359,0,0.950345881,4.945189682
0.109130859,-0.927734375,0.174804688,-1.251220703,-2.212524414,4.241943359,0,0.950345881,4.945189682
0.203369141,-1.073974609,0.140136719,-9.414672852,-16.97540283,-9.635925293,0,1.102006701,21.67144256
0.203369141,-1.073974609,0.140136719,-9.414672852,-16.97540283,-9.635925293,0,1.102006701,21.67144256
0.203369141,-1.073974609,0.140136719,-9.414672852,-16.97540283,-9.635925293,0,1.102006701,21.67144256
0.203369141,-1.073974609,0.140136719,-9.414672852,-16.97540283,-9.635925293,0,1.102006701,21.67144256
0.413085938,-0.958251953,0.214355469,-48.24066162,-2.342224121,26.35192871,0,1.065286377,55.01882945
0.413085938,-0.958251953,0.214355469,-48.24066162,-2.342224121,26.35192871,0,1.065286377,55.01882945
0.413085938,-0.958251953,0.214355469,-48.24066162,-2.342224121,26.35192871,0,1.065286377,55.01882945
0.413085938,-0.958251953,0.214355469,-48.24066162,-2.342224121,26.35192871,0,1.065286377,55.01882945
0.413085938,-0.958251953,0.214355469,-48.24066162,-2.342224121,26.35192871,0,1.065286377,55.01882945
0.148193359,-0.923583984,0.104003906,36.03363037,15.08331299,-2.655029297,0,0.941161761,39.15326332
0.148193359,-0.923583984,0.104003906,36.03363037,15.08331299,-2.655029297,0,0.941161761,39.15326332
0.148193359,-0.923583984,0.104003906,36.03363037,15.08331299,-2.655029297,0,0.941161761,39.15326332
0.148193359,-0.923583984,0.104003906,36.03363037,15.08331299,-2.655029297,0,0.941161761,39.15326332
0.279541016,-0.94921875,0.215576172,-12.95471191,20.80535889,-5.432128906,0,1.012735158,25.10369582
0.279541016,-0.94921875,0.215576172,-12.95471191,20.80535889,-5.432128906,0,1.012735158,25.10369582
0.279541016,-0.94921875,0.215576172,-12.95471191,20.80535889,-5.432128906,0,1.012735158,25.10369582
0.279541016,-0.94921875,0.215576172,-12.95471191,20.80535889,-5.432128906,0,1.012735158,25.10369582
0.279541016,-0.94921875,0.215576172,-12.95471191,20.80535889,-5.432128906,0,1.012735158,25.10369582
0.185546875,-1.044677734,0.052001953,-34.14154053,24.28436279,12.44354248,0,1.062301,43.70602722
0.185546875,-1.044677734,0.052001953,-34.14154053,24.28436279,12.44354248,0,1.062301,43.70602722
0.185546875,-1.044677734,0.052001953,-34.14154053,24.28436279,12.44354248,0,1.062301,43.70602722
0.185546875,-1.044677734,0.052001953,-34.14154053,24.28436279,12.44354248,0,1.062301,43.70602722
0.384277344,-0.965332031,0.038574219,-25.33721924,16.00646973,43.58673096,0,1.039722548,52.89598158
0.384277344,-0.965332031,0.038574219,-25.33721924,16.00646973,43.58673096,0,1.039722548,52.89598158
0.384277344,-0.965332031,0.038574219,-25.33721924,16.00646973,43.58673096,0,1.039722548,52.89598158
0.384277344,-0.965332031,0.038574219,-25.33721924,16.00646973,43.58673096,0,1.039722548,52.89598158
0.259521484,-1.279541016,0.131347656,-7.354736328,5.401611328,-14.39666748,0,1.31218475,17.04504579
0.259521484,-1.279541016,0.131347656,-7.354736328,5.401611328,-14.39666748,0,1.31218475,17.04504579
0.259521484,-1.279541016,0.131347656,-7.354736328,5.401611328,-14.39666748,0,1.31218475,17.04504579
0.259521484,-1.279541016,0.131347656,-7.354736328,5.401611328,-14.39666748,0,1.31218475,17.04504579
0.138183594,-1.008544922,0.112792969,-3.288269043,-0.625610352,-3.807067871,0,1.024197158,5.069306401
0.138183594,-1.008544922,0.112792969,-3.288269043,-0.625610352,-3.807067871,0,1.024197158,5.069306401
0.138183594,-1.008544922,0.112792969,-3.288269043,-0.625610352,-3.807067871,0,1.024197158,5.069306401
0.138183594,-1.008544922,0.112792969,-3.288269043,-0.625610352,-3.807067871,0,1.024197158,5.069306401
0.138183594,-1.008544922,0.112792969,-3.288269043,-0.625610352,-3.807067871,0,1.024197158,5.069306401
0.213378906,-0.995117188,0.092285156,-4.905700684,0.839233398,-3.448486328,0,1.021912582,6.054937642
0.213378906,-0.995117188,0.092285156,-4.905700684,0.839233398,-3.448486328,0,1.021912582,6.054937642
0.213378906,-0.995117188,0.092285156,-4.905700684,0.839233398,-3.448486328,0,1.021912582,6.054937642
0.213378906,-0.995117188,0.092285156,-4.905700684,0.839233398,-3.448486328,0,1.021912582,6.054937642
0.240234375,-1.013671875,0.152587891,-7.850646973,-2.662658691,-0.633239746,0,1.052865751,8.314048459
0.240234375,-1.013671875,0.152587891,-7.850646973,-2.662658691,-0.633239746,0,1.052865751,8.314048459
0.240234375,-1.013671875,0.152587891,-7.850646973,-2.662658691,-0.633239746,0,1.052865751,8.314048459
0.240234375,-1.013671875,0.152587891,-7.850646973,-2.662658691,-0.633239746,0,1.052865751,8.314048459
0.234863281,-0.966308594,0.124267578,-6.828308105,-0.160217285,-1.625061035,0,1.002175379,7.020846425
0.234863281,-0.966308594,0.124267578,-6.828308105,-0.160217285,-1.625061035,0,1.002175379,7.020846425
0.234863281,-0.966308594,0.124267578,-6.828308105,-0.160217285,-1.625061035,0,1.002175379,7.020846425
0.234863281,-0.966308594,0.124267578,-6.828308105,-0.160217285,-1.625061035,0,1.002175379,7.020846425
0.234863281,-0.966308594,0.124267578,-6.828308105,-0.160217285,-1.625061035,0,1.002175379,7.020846425
0.227294922,-1.009033203,0.175048828,-5.897521973,-0.137329102,-6.790161133,0,1.049024823,8.994771421
0.227294922,-1.009033203,0.175048828,-5.897521973,-0.137329102,-6.790161133,0,1.049024823,8.994771421
0.227294922,-1.009033203,0.175048828,-5.897521973,-0.137329102,-6.790161133,0,1.049024823,8.994771421
0.227294922,-1.009033203,0.175048828,-5.897521973,-0.137329102,-6.790161133,0,1.049024823,8.994771421
0.260253906,-0.936279297,0.170410156,3.082275391,-0.671386719,2.494812012,0,0.986605615,4.021848914
0.260253906,-0.936279297,0.170410156,3.082275391,-0.671386719,2.494812012,0,0.986605615,4.021848914
0.260253906,-0.936279297,0.170410156,3.082275391,-0.671386719,2.494812012,0,0.986605615,4.021848914
0.260253906,-0.936279297,0.170410156,3.082275391,-0.671386719,2.494812012,0,0.986605615,4.021848914
0.110595703,-0.90234375,0.184082031,-7.621765137,4.890441895,16.31164551,0,0.927546143,18.65683534
0.110595703,-0.90234375,0.184082031,-7.621765137,4.890441895,16.31164551,0,0.927546143,18.65683534
0.110595703,-0.90234375,0.184082031,-7.621765137,4.890441895,16.31164551,0,0.927546143,18.65683534
0.110595703,-0.90234375,0.184082031,-7.621765137,4.890441895,16.31164551,0,0.927546143,18.65683534
0.192871094,-0.885009766,0.061035156,16.38031006,-25.87890625,-20.14160156,0,0.907836348,36.65673826
0.192871094,-0.885009766,0.061035156,16.38031006,-25.87890625,-20.14160156,0,0.907836348,36.65673826
0.192871094,-0.885009766,0.061035156,16.38031006,-25.87890625,-20.14160156,0,0.907836348,36.65673826
0.192871094,-0.885009766,0.061035156,16.38031006,-25.87890625,-20.14160156,0,0.907836348,36.65673826
0.192871094,-0.885009766,0.061035156,16.38031006,-25.87890625,-20.14160156,0,0.907836348,36.65673826
0.300048828,-0.971679688,0.345703125,-71.68579102,-5.37109375,7.843017578,0,1.074104913,72.31330587
0.300048828,-0.971679688,0.345703125,-71.68579102,-5.37109375,7.843017578,0,1.074104913,72.31330587
0.300048828,-0.971679688,0.345703125,-71.68579102,-5.37109375,7.843017578,0,1.074104913,72.31330587
0.300048828,-0.971679688,0.345703125,-71.68579102,-5.37109375,7.843017578,0,1.074104913,72.31330587
0.122802734,-0.917724609,0.215820313,19.54650879,-20.88928223,-4.859924316,0,0.950724659,29.0180458
0.122802734,-0.917724609,0.215820313,19.54650879,-20.88928223,-4.859924316,0,0.950724659,29.0180458
0.122802734,-0.917724609,0.215820313,19.54650879,-20.88928223,-4.859924316,0,0.950724659,29.0180458
0.122802734,-0.917724609,0.215820313,19.54650879,-20.88928223,-4.859924316,0,0.950724659,29.0180458
0.249267578,-1.098876953,0.168457031,-11.58905029,-17.35687256,-7.751464844,0,1.139316749,22.26325041
0.249267578,-1.098876953,0.168457031,-11.58905029,-17.35687256,-7.751464844,0,1.139316749,22.26325041
0.249267578,-1.098876953,0.168457031,-11.58905029,-17.35687256,-7.751464844,0,1.139316749,22.26325041
0.249267578,-1.098876953,0.168457031,-11.58905029,-17.35687256,-7.751464844,0,1.139316749,22.26325041
0.249267578,-1.098876953,0.168457031,-11.58905029,-17.35687256,-7.751464844,0,1.139316749,22.26325041
0.260009766,-1.111816406,0.240234375,-53.40576172,25.02441406,14.02282715,0,1.166813333,60.6220782
0.260009766,-1.111816406,0.240234375,-53.40576172,25.02441406,14.02282715,0,1.166813333,60.6220782
0.260009766,-1.111816406,0.240234375,-53.40576172,25.02441406,14.02282715,0,1.166813333,60.6220782
0.260009766,-1.111816406,0.240234375,-53.40576172,25.02441406,14.02282715,0,1.166813333,60.6220782
0.065429688,-1.002685547,0.227539063,30.80749512,2.410888672,9.864807129,0,1.030258887,32.43807268
0.065429688,-1.002685547,0.227539063,30.80749512,2.410888672,9.864807129,0,1.030258887,32.43807268
0.065429688,-1.002685547,0.227539063,30.80749512,2.410888672,9.864807129,0,1.030258887,32.43807268
0.065429688,-1.002685547,0.227539063,30.80749512,2.410888672,9.864807129,0,1.030258887,32.43807268
0.065429688,-1.002685547,0.227539063,30.80749512,2.410888672,9.864807129,0,1.030258887,32.43807268
0.166015625,-0.901855469,0.141845703,12.87078857,10.33782959,-6.141662598,0,0.927914154,17.61385644
0.166015625,-0.901855469,0.141845703,12.87078857,10.33782959,-6.141662598,0,0.927914154,17.61385644
0.166015625,-0.901855469,0.141845703,12.87078857,10.33782959,-6.141662598,0,0.927914154,17.61385644
0.166015625,-0.901855469,0.141845703,12.87078857,10.33782959,-6.141662598,0,0.927914154,17.61385644
0.166015625,-0.901855469,0.141845703,12.87078857,10.33782959,-6.141662598,0,0.927914154,17.61385644
0.167236328,-0.840332031,0.051757813,-9.956359863,-0.602722168,-1.518249512,0,0.858373336,10.0894726
0.167236328,-0.840332031,0.051757813,-9.956359863,-0.602722168,-1.518249512,0,0.858373336,10.0894726
0.167236328,-0.840332031,0.051757813,-9.956359863,-0.602722168,-1.518249512,0,0.858373336,10.0894726
0.167236328,-0.840332031,0.051757813,-9.956359863,-0.602722168,-1.518249512,0,0.858373336,10.0894726
0.167236328,-0.840332031,0.051757813,-9.956359863,-0.602722168,-1.518249512,0,0.858373336,10.0894726
0.083007813,-1.35546875,0.059326172,15.40374756,-51.13220215,-24.93286133,0,1.359303286,58.93577105
0.083007813,-1.35546875,0.059326172,15.40374756,-51.13220215,-24.93286133,0,1.359303286,58.93577105
0.083007813,-1.35546875,0.059326172,15.40374756,-51.13220215,-24.93286133,0,1.359303286,58.93577105
0.083007813,-1.35546875,0.059326172,15.40374756,-51.13220215,-24.93286133,0,1.359303286,58.93577105
0.03125,-1.289794922,0.102294922,-20.52307129,-21.61407471,5.744934082,0,1.294222452,30.35405983
0.03125,-1.289794922,0.102294922,-20.52307129,-21.61407471,5.744934082,0,1.294222452,30.35405983
0.03125,-1.289794922,0.102294922,-20.52307129,-21.61407471,5.744934082,0,1.294222452,30.35405983
0.03125,-1.289794922,0.102294922,-20.52307129,-21.61407471,5.744934082,0,1.294222452,30.35405983
0.062744141,-0.936279297,0.017333984,-19.02008057,27.94647217,2.662658691,0,0.938539406,33.90956388
0.062744141,-0.936279297,0.017333984,-19.02008057,27.94647217,2.662658691,0,0.938539406,33.90956388
0.062744141,-0.936279297,0.017333984,-19.02008057,27.94647217,2.662658691,0,0.938539406,33.90956388
0.062744141,-0.936279297,0.017333984,-19.02008057,27.94647217,2.662658691,0,0.938539406,33.90956388
0.062744141,-0.936279297,0.017333984,-19.02008057,27.94647217,2.662658691,0,0.938539406,33.90956388
0.313720703,-0.831787109,0.016357422,0.381469727,8.941650391,-29.12902832,0,0.889133308,30.47292112
0.313720703,-0.831787109,0.016357422,0.381469727,8.941650391,-29.12902832,0,0.889133308,30.47292112
0.313720703,-0.831787109,0.016357422,0.381469727,8.941650391,-29.12902832,0,0.889133308,30.47292112
0.313720703,-0.831787109,0.016357422,0.381469727,8.941650391,-29.12902832,0,0.889133308,30.47292112
0.501464844,-0.979003906,0.174316406,-35.20965576,46.72241211,-2.937316895,0,1.113688398,58.57756808
0.501464844,-0.979003906,0.174316406,-35.20965576,46.72241211,-2.937316895,0,1.113688398,58.57756808
0.501464844,-0.979003906,0.174316406,-35.20965576,46.72241211,-2.937316895,0,1.113688398,58.57756808
0.501464844,-0.979003906,0.174316406,-35.20965576,46.72241211,-2.937316895,0,1.113688398,58.57756808
0.049804688,-1.049072266,0.077880859,1.960754395,15.93780518,10.1776123,0,1.053137481,19.0116276
0.049804688,-1.049072266,0.077880859,1.960754395,15.93780518,10.1776123,0,1.053137481,19.0116276
0.049804688,-1.049072266,0.077880859,1.960754395,15.93780518,10.1776123,0,1.053137481,19.0116276
0.049804688,-1.049072266,0.077880859,1.960754395,15.93780518,10.1776123,0,1.053137481,19.0116276
0.049804688,-1.049072266,0.077880859,1.960754395,15.93780518,10.1776123,0,1.053137481,19.0116276
0.049804688,-1.049072266,0.077880859,1.960754395,15.93780518,10.1776123,0,1.053137481,19.0116276
0.088134766,-0.754882813,-0.086669922,-25.39825439,-11.96289063,-0.015258789,0,0.764936254,28.07458479
0.088134766,-0.754882813,-0.086669922,-25.39825439,-11.96289063,-0.015258789,0,0.764936254,28.07458479
0.088134766,-0.754882813,-0.086669922,-25.39825439,-11.96289063,-0.015258789,0,0.764936254,28.07458479
0.088134766,-0.754882813,-0.086669922,-25.39825439,-11.96289063,-0.015258789,0,0.764936254,28.07458479
0.088134766,-0.754882813,-0.086669922,-25.39825439,-11.96289063,-0.015258789,0,0.764936254,28.07458479
0.088134766,-0.754882813,-0.086669922,-25.39825439,-11.96289063,-0.015258789,0,0.764936254,28.07458479
0.430908203,-1.146484375,0.158935547,-32.04345703,-1.960754395,-8.796691895,0,1.235058221,33.28677642
0.430908203,-1.146484375,0.158935547,-32.04345703,-1.960754395,-8.796691895,0,1.235058221,33.28677642
0.430908203,-1.146484375,0.158935547,-32.04345703,-1.960754395,-8.796691895,0,1.235058221,33.28677642
0.430908203,-1.146484375,0.158935547,-32.04345703,-1.960754395,-8.796691895,0,1.235058221,33.28677642
-0.017822266,-1.395996094,-0.096679688,37.86468506,-2.922058105,-6.958007813,0,1.399453354,38.60941169
-0.017822266,-1.395996094,-0.096679688,37.86468506,-2.922058105,-6.958007813,0,1.399453354,38.60941169
-0.017822266,-1.395996094,-0.096679688,37.86468506,-2.922058105,-6.958007813,0,1.399453354,38.60941169
-0.017822266,-1.395996094,-0.096679688,37.86468506,-2.922058105,-6.958007813,0,1.399453354,38.60941169
0.331542969,-0.783203125,0.260009766,5.172729492,-16.746521,4.837036133,0,0.889344114,18.18240948
0.331542969,-0.783203125,0.260009766,5.172729492,-16.746521,4.837036133,0,0.889344114,18.18240948
0.331542969,-0.783203125,0.260009766,5.172729492,-16.746521,4.837036133,0,0.889344114,18.18240948
0.331542969,-0.783203125,0.260009766,5.172729492,-16.746521,4.837036133,0,0.889344114,18.18240948
0.331542969,-0.783203125,0.260009766,5.172729492,-16.746521,4.837036133,0,0.889344114,18.18240948
0.081054688,-0.577636719,-0.093994141,-13.38195801,8.232116699,8.13293457,0,0.590820565,17.69149994
0.081054688,-0.577636719,-0.093994141,-13.38195801,8.232116699,8.13293457,0,0.590820565,17.69149994
0.081054688,-0.577636719,-0.093994141,-13.38195801,8.232116699,8.13293457,0,0.590820565,17.69149994
0.081054688,-0.577636719,-0.093994141,-13.38195801,8.232116699,8.13293457,0,0.590820565,17.69149994
0.081054688,-0.577636719,-0.093994141,-13.38195801,8.232116699,8.13293457,0,0.590820565,17.69149994
0.081054688,-0.577636719,-0.093994141,-13.38195801,8.232116699,8.13293457,0,0.590820565,17.69149994
0.081054688,-0.577636719,-0.093994141,-13.38195801,8.232116699,8.13293457,0,0.590820565,17.69149994
0.281005859,-0.825439453,-0.090332031,-6.858825684,-27.91595459,-3.829956055,0,0.87662675,29.00021679
0.281005859,-0.825439453,-0.090332031,-6.858825684,-27.91595459,-3.829956055,0,0.87662675,29.00021679
0.281005859,-0.825439453,-0.090332031,-6.858825684,-27.91595459,-3.829956055,0,0.87662675,29.00021679
0.281005859,-0.825439453,-0.090332031,-6.858825684,-27.91595459,-3.829956055,0,0.87662675,29.00021679
0.095947266,-0.815429688,0.024658203,-51.87988281,19.88220215,8.972167969,0,0.821425274,56.27898365
0.095947266,-0.815429688,0.024658203,-51.87988281,19.88220215,8.972167969,0,0.821425274,56.27898365
0.095947266,-0.815429688,0.024658203,-51.87988281,19.88220215,8.972167969,0,0.821425274,56.27898365
0.095947266,-0.815429688,0.024658203,-51.87988281,19.88220215,8.972167969,0,0.821425274,56.27898365
-0.049804688,-0.906005859,0.218017578,73.9364624,29.1595459,-52.23083496,0,0.933198151,95.10488794
-0.049804688,-0.906005859,0.218017578,73.9364624,29.1595459,-52.23083496,0,0.933198151,95.10488794
-0.049804688,-0.906005859,0.218017578,73.9364624,29.1595459,-52.23083496,0,0.933198151,95.10488794
-0.049804688,-0.906005859,0.218017578,73.9364624,29.1595459,-52.23083496,0,0.933198151,95.10488794
-0.049804688,-0.906005859,0.218017578,73.9364624,29.1595459,-52.23083496,0,0.933198151,95.10488794
-0.049804688,-0.906005859,0.218017578,73.9364624,29.1595459,-52.23083496,0,0.933198151,95.10488794
0.405517578,-0.685302734,0.20703125,-72.4029541,-17.88330078,26.04675293,0,0.822767453,78.99641478
0.405517578,-0.685302734,0.20703125,-72.4029541,-17.88330078,26.04675293,0,0.822767453,78.99641478
0.405517578,-0.685302734,0.20703125,-72.4029541,-17.88330078,26.04675293,0,0.822767453,78.99641478
0.405517578,-0.685302734,0.20703125,-72.4029541,-17.88330078,26.04675293,0,0.822767453,78.99641478
0.405517578,-0.685302734,0.20703125,-72.4029541,-17.88330078,26.04675293,0,0.822767453,78.99641478
0.102783203,-0.954345703,0.080566406,30.86853027,-3.204345703,4.71496582,0,0.963239873,31.39052238
0.102783203,-0.954345703,0.080566406,30.86853027,-3.204345703,4.71496582,0,0.963239873,31.39052238
0.102783203,-0.954345703,0.080566406,30.86853027,-3.204345703,4.71496582,0,0.963239873,31.39052238
0.102783203,-0.954345703,0.080566406,30.86853027,-3.204345703,4.71496582,0,0.963239873,31.39052238
0.102783203,-0.954345703,0.080566406,30.86853027,-3.204345703,4.71496582,0,0.963239873,31.39052238
0.312988281,-0.958007813,0.165039063,66.03240967,-14.62554932,-45.90606689,0,1.021263201,81.74076582
0.312988281,-0.958007813,0.165039063,66.03240967,-14.62554932,-45.90606689,0,1.021263201,81.74076582
0.312988281,-0.958007813,0.165039063,66.03240967,-14.62554932,-45.90606689,0,1.021263201,81.74076582
0.312988281,-0.958007813,0.165039063,66.03240967,-14.62554932,-45.90606689,0,1.021263201,81.74076582
0.179931641,-0.985839844,0.150878906,-29.83856201,9.979248047,-8.827209473,0,1.013419971,32.67789469
0.179931641,-0.985839844,0.150878906,-29.83856201,9.979248047,-8.827209473,0,1.013419971,32.67789469
0.179931641,-0.985839844,0.150878906,-29.83856201,9.979248047,-8.827209473,0,1.013419971,32.67789469
0.179931641,-0.985839844,0.150878906,-29.83856201,9.979248047,-8.827209473,0,1.013419971,32.67789469
0.179931641,-0.985839844,0.150878906,-29.83856201,9.979248047,-8.827209473,0,1.013419971,32.67789469
0.178466797,-1.181884766,0.125488281,12.5579834,-8.529663086,-39.03961182,0,1.201852447,41.88734165
0.178466797,-1.181884766,0.125488281,12.5579834,-8.529663086,-39.03961182,0,1.201852447,41.88734165
0.178466797,-1.181884766,0.125488281,12.5579834,-8.529663086,-39.03961182,0,1.201852447,41.88734165
0.178466797,-1.181884766,0.125488281,12.5579834,-8.529663086,-39.03961182,0,1.201852447,41.88734165
0.363525391,-1.050292969,0.322021484,9.948730469,21.32415771,7.431030273,0,1.157136062,24.6762467
0.363525391,-1.050292969,0.322021484,9.948730469,21.32415771,7.431030273,0,1.157136062,24.6762467
0.363525391,-1.050292969,0.322021484,9.948730469,21.32415771,7.431030273,0,1.157136062,24.6762467
0.363525391,-1.050292969,0.322021484,9.948730469,21.32415771,7.431030273,0,1.157136062,24.6762467
0.363525391,-1.050292969,0.322021484,9.948730469,21.32415771,7.431030273,0,1.157136062,24.6762467
0.089355469,-0.751708984,0.031738281,-6.233215332,17.74597168,6.011962891,0,0.75766623,19.7462954
0.089355469,-0.751708984,0.031738281,-6.233215332,17.74597168,6.011962891,0,0.75766623,19.7462954
0.089355469,-0.751708984,0.031738281,-6.233215332,17.74597168,6.011962891,0,0.75766623,19.7462954
0.089355469,-0.751708984,0.031738281,-6.233215332,17.74597168,6.011962891,0,0.75766623,19.7462954
0.089355469,-0.751708984,0.031738281,-6.233215332,17.74597168,6.011962891,0,0.75766623,19.7462954
0.265869141,-0.981445313,0.112304688,-27.77099609,-24.29199219,8.689880371,0,1.02300227,37.90571368
0.265869141,-0.981445313,0.112304688,-27.77099609,-24.29199219,8.689880371,0,1.02300227,37.90571368
0.265869141,-0.981445313,0.112304688,-27.77099609,-24.29199219,8.689880371,0,1.02300227,37.90571368
0.265869141,-0.981445313,0.112304688,-27.77099609,-24.29199219,8.689880371,0,1.02300227,37.90571368
-0.042480469,-0.987304688,0.051513672,-49.36218262,15.23590088,-3.807067871,0,0.989559899,51.80011114
-0.042480469,-0.987304688,0.051513672,-49.36218262,15.23590088,-3.807067871,0,0.989559899,51.80011114
-0.042480469,-0.987304688,0.051513672,-49.36218262,15.23590088,-3.807067871,0,0.989559899,51.80011114
-0.042480469,-0.987304688,0.051513672,-49.36218262,15.23590088,-3.807067871,0,0.989559899,51.80011114
-0.042480469,-0.987304688,0.051513672,-49.36218262,15.23590088,-3.807067871,0,0.989559899,51.80011114
-0.072509766,-1.415039063,-0.044433594,-5.325317383,-5.599975586,-43.95294189,0,1.417592169,44.62711993
-0.072509766,-1.415039063,-0.044433594,-5.325317383,-5.599975586,-43.95294189,0,1.417592169,44.62711993
-0.072509766,-1.415039063,-0.044433594,-5.325317383,-5.599975586,-43.95294189,0,1.417592169,44.62711993
-0.072509766,-1.415039063,-0.044433594,-5.325317383,-5.599975586,-43.95294189,0,1.417592169,44.62711993
0.561035156,-1.068359375,0.326171875,-87.13531494,-30.76171875,2.883911133,0,1.250016117,92.45087016
0.561035156,-1.068359375,0.326171875,-87.13531494,-30.76171875,2.883911133,0,1.250016117,92.45087016
0.561035156,-1.068359375,0.326171875,-87.13531494,-30.76171875,2.883911133,0,1.250016117,92.45087016
0.561035156,-1.068359375,0.326171875,-87.13531494,-30.76171875,2.883911133,0,1.250016117,92.45087016
0.561035156,-1.068359375,0.326171875,-87.13531494,-30.76171875,2.883911133,0,1.250016117,92.45087016
-0.144775391,-0.912597656,0.153320313,36.2701416,-34.99603271,53.62701416,0,0.93664375,73.59417182
-0.144775391,-0.912597656,0.153320313,36.2701416,-34.99603271,53.62701416,0,0.93664375,73.59417182
-0.144775391,-0.912597656,0.153320313,36.2701416,-34.99603271,53.62701416,0,0.93664375,73.59417182
-0.144775391,-0.912597656,0.153320313,36.2701416,-34.99603271,53.62701416,0,0.93664375,73.59417182
-0.144775391,-0.912597656,0.153320313,36.2701416,-34.99603271,53.62701416,0,0.93664375,73.59417182
-0.144775391,-0.912597656,0.153320313,36.2701416,-34.99603271,53.62701416,0,0.93664375,73.59417182
0.304443359,-0.747802734,0.339111328,25.16174316,-12.18414307,-11.81793213,0,0.875723233,30.35177394
0.304443359,-0.747802734,0.339111328,25.16174316,-12.18414307,-11.81793213,0,0.875723233,30.35177394
0.304443359,-0.747802734,0.339111328,25.16174316,-12.18414307,-11.81793213,0,0.875723233,30.35177394
0.304443359,-0.747802734,0.339111328,25.16174316,-12.18414307,-11.81793213,0,0.875723233,30.35177394
0.011230469,-1.008544922,0.216796875,56.4956665,29.4342041,-29.87670898,0,1.031644255,70.36156937
0.011230469,-1.008544922,0.216796875,56.4956665,29.4342041,-29.87670898,0,1.031644255,70.36156937
0.011230469,-1.008544922,0.216796875,56.4956665,29.4342041,-29.87670898,0,1.031644255,70.36156937
0.011230469,-1.008544922,0.216796875,56.4956665,29.4342041,-29.87670898,0,1.031644255,70.36156937
0.011230469,-1.008544922,0.216796875,56.4956665,29.4342041,-29.87670898,0,1.031644255,70.36156937
0.011230469,-1.008544922,0.216796875,56.4956665,29.4342041,-29.87670898,0,1.031644255,70.36156937
0.247070313,-0.708984375,0.070800781,86.52496338,4.013061523,-2.624511719,0,0.754132173,86.6577291
0.247070313,-0.708984375,0.070800781,86.52496338,4.013061523,-2.624511719,0,0.754132173,86.6577291
0.247070313,-0.708984375,0.070800781,86.52496338,4.013061523,-2.624511719,0,0.754132173,86.6577291
0.247070313,-0.708984375,0.070800781,86.52496338,4.013061523,-2.624511719,0,0.754132173,86.6577291
0.247070313,-0.708984375,0.070800781,86.52496338,4.013061523,-2.624511719,0,0.754132173,86.6577291
0.247070313,-0.708984375,0.070800781,86.52496338,4.013061523,-2.624511719,0,0.754132173,86.6577291
0.177246094,-0.857177734,0.09375,-19.63043213,-32.60803223,-47.63793945,0,0.880317504,60.97549431
0.177246094,-0.857177734,0.09375,-19.63043213,-32.60803223,-47.63793945,0,0.880317504,60.97549431
0.177246094,-0.857177734,0.09375,-19.63043213,-32.60803223,-47.63793945,0,0.880317504,60.97549431
0.177246094,-0.857177734,0.09375,-19.63043213,-32.60803223,-47.63793945,0,0.880317504,60.97549431
0.177246094,-0.857177734,0.09375,-19.63043213,-32.60803223,-47.63793945,0,0.880317504,60.97549431
0.177246094,-0.857177734,0.09375,-19.63043213,-32.60803223,-47.63793945,0,0.880317504,60.97549431
0.263183594,-0.803710938,0.239746094,-37.46795654,-52.78015137,16.96014404,0,0.879030753,66.91217103
0.263183594,-0.803710938,0.239746094,-37.46795654,-52.78015137,16.96014404,0,0.879030753,66.91217103
0.263183594,-0.803710938,0.239746094,-37.46795654,-52.78015137,16.96014404,0,0.879030753,66.91217103
0.263183594,-0.803710938,0.239746094,-37.46795654,-52.78015137,16.96014404,0,0.879030753,66.91217103
0.263183594,-0.803710938,0.239746094,-37.46795654,-52.78015137,16.96014404,0,0.879030753,66.91217103
0.263183594,-0.803710938,0.239746094,-37.46795654,-52.78015137,16.96014404,0,0.879030753,66.91217103
0.263183594,-0.803710938,0.239746094,-37.46795654,-52.78015137,16.96014404,0,0.879030753,66.91217103
0.263183594,-0.803710938,0.239746094,-37.46795654,-52.78015137,16.96014404,0,0.879030753,66.91217103
0.263183594,-0.803710938,0.239746094,-37.46795654,-52.78015137,16.96014404,0,0.879030753,66.91217103
0.263183594,-0.803710938,0.239746094,-37.46795654,-52.78015137,16.96014404,0,0.879030753,66.91217103
-0.125976563,-1.088623047,-0.049072266,-23.0255127,-43.5333252,3.288269043,0,1.096986016,49.35724213
-0.125976563,-1.088623047,-0.049072266,-23.0255127,-43.5333252,3.288269043,0,1.096986016,49.35724213
-0.125976563,-1.088623047,-0.049072266,-23.0255127,-43.5333252,3.288269043,0,1.096986016,49.35724213
-0.125976563,-1.088623047,-0.049072266,-23.0255127,-43.5333252,3.288269043,0,1.096986016,49.35724213
-0.125976563,-1.088623047,-0.049072266,-23.0255127,-43.5333252,3.288269043,0,1.096986016,49.35724213
-0.125976563,-1.088623047,-0.049072266,-23.0255127,-43.5333252,3.288269043,0,1.096986016,49.35724213
0.105712891,-0.954345703,0.107666016,-7.331848145,36.01837158,3.753662109,0,0.966200242,36.94819438
0.105712891,-0.954345703,0.107666016,-7.331848145,36.01837158,3.753662109,0,0.966200242,36.94819438
0.105712891,-0.954345703,0.107666016,-7.331848145,36.01837158,3.753662109,0,0.966200242,36.94819438
0.105712891,-0.954345703,0.107666016,-7.331848145,36.01837158,3.753662109,0,0.966200242,36.94819438
0.105712891,-0.954345703,0.107666016,-7.331848145,36.01837158,3.753662109,0,0.966200242,36.94819438
0.105712891,-0.954345703,0.107666016,-7.331848145,36.01837158,3.753662109,0,0.966200242,36.94819438
0.105712891,-0.954345703,0.107666016,-7.331848145,36.01837158,3.753662109,0,0.966200242,36.94819438
0.105712891,-0.954345703,0.107666016,-7.331848145,36.01837158,3.753662109,0,0.966200242,36.94819438
0.254150391,-0.769287109,0.134765625,19.61517334,-10.43701172,-6.629943848,0,0.8213141,23.18711699
0.254150391,-0.769287109,0.134765625,19.61517334,-10.43701172,-6.629943848,0,0.8213141,23.18711699
0.254150391,-0.769287109,0.134765625,19.61517334,-10.43701172,-6.629943848,0,0.8213141,23.18711699
0.254150391,-0.769287109,0.134765625,19.61517334,-10.43701172,-6.629943848,0,0.8213141,23.18711699
0.254150391,-0.769287109,0.134765625,19.61517334,-10.43701172,-6.629943848,0,0.8213141,23.18711699
0.323242188,-1.043212891,0.180908203,18.15032959,-8.232116699,-22.315979,0,1.107025937,29.91997875
0.323242188,-1.043212891,0.180908203,18.15032959,-8.232116699,-22.315979,0,1.107025937,29.91997875
0.323242188,-1.043212891,0.180908203,18.15032959,-8.232116699,-22.315979,0,1.107025937,29.91997875
0.323242188,-1.043212891,0.180908203,18.15032959,-8.232116699,-22.315979,0,1.107025937,29.91997875
0.323242188,-1.043212891,0.180908203,18.15032959,-8.232116699,-22.315979,0,1.107025937,29.91997875
0.323242188,-1.043212891,0.180908203,18.15032959,-8.232116699,-22.315979,0,1.107025937,29.91997875
0.312744141,-0.799072266,0.218994141,13.8092041,-10.29968262,-14.47296143,0,0.885598,22.49987094
0.312744141,-0.799072266,0.218994141,13.8092041,-10.29968262,-14.47296143,0,0.885598,22.49987094
0.312744141,-0.799072266,0.218994141,13.8092041,-10.29968262,-14.47296143,0,0.885598,22.49987094
0.312744141,-0.799072266,0.218994141,13.8092041,-10.29968262,-14.47296143,0,0.885598,22.49987094
0.312744141,-0.799072266,0.218994141,13.8092041,-10.29968262,-14.47296143,0,0.885598,22.49987094
0.312744141,-0.799072266,0.218994141,13.8092041,-10.29968262,-14.47296143,0,0.885598,22.49987094
0.312744141,-0.799072266,0.218994141,13.8092041,-10.29968262,-14.47296143,0,0.885598,22.49987094
0.312744141,-0.799072266,0.218994141,13.8092041,-10.29968262,-14.47296143,0,0.885598,22.49987094
0.312744141,-0.799072266,0.218994141,13.8092041,-10.29968262,-14.47296143,0,0.885598,22.49987094
0.312744141,-0.799072266,0.218994141,13.8092041,-10.29968262,-14.47296143,0,0.885598,22.49987094
0.312744141,-0.799072266,0.218994141,13.8092041,-10.29968262,-14.47296143,0,0.885598,22.49987094
0.312744141,-0.799072266,0.218994141,13.8092041,-10.29968262,-14.47296143,0,0.885598,22.49987094
0.088623047,-1.030517578,0.120849609,-0.40435791,11.10839844,1.823425293,0,1.04135736,11.26431982
0.088623047,-1.030517578,0.120849609,-0.40435791,11.10839844,1.823425293,0,1.04135736,11.26431982
0.088623047,-1.030517578,0.120849609,-0.40435791,11.10839844,1.823425293,0,1.04135736,11.26431982
0.088623047,-1.030517578,0.120849609,-0.40435791,11.10839844,1.823425293,0,1.04135736,11.26431982
0.088623047,-1.030517578,0.120849609,-0.40435791,11.10839844,1.823425293,0,1.04135736,11.26431982
0.088623047,-1.030517578,0.120849609,-0.40435791,11.10839844,1.823425293,0,1.04135736,11.26431982
0.088623047,-1.030517578,0.120849609,-0.40435791,11.10839844,1.823425293,0,1.04135736,11.26431982
0.088623047,-1.030517578,0.120849609,-0.40435791,11.10839844,1.823425293,0,1.04135736,11.26431982
0.088623047,-1.030517578,0.120849609,-0.40435791,11.10839844,1.823425293,0,1.04135736,11.26431982
0.088623047,-1.030517578,0.120849609,-0.40435791,11.10839844,1.823425293,0,1.04135736,11.26431982
0.088623047,-1.030517578,0.120849609,-0.40435791,11.10839844,1.823425293,0,1.04135736,11.26431982
0.173339844,-0.992431641,0.010986328,-5.744934082,19.54650879,-3.326416016,0,1.007515738,20.64304524
0.173339844,-0.992431641,0.010986328,-5.744934082,19.54650879,-3.326416016,0,1.007515738,20.64304524
0.173339844,-0.992431641,0.010986328,-5.744934082,19.54650879,-3.326416016,0,1.007515738,20.64304524
0.173339844,-0.992431641,0.010986328,-5.744934082,19.54650879,-3.326416016,0,1.007515738,20.64304524
0.173339844,-0.992431641,0.010986328,-5.744934082,19.54650879,-3.326416016,0,1.007515738,20.64304524
0.173339844,-0.992431641,0.010986328,-5.744934082,19.54650879,-3.326416016,0,1.007515738,20.64304524
0.207763672,-0.929443359,0.208984375,-4.96673584,11.26098633,12.29095459,0,0.975041112,17.39384497
0.207763672,-0.929443359,0.208984375,-4.96673584,11.26098633,12.29095459,0,0.975041112,17.39384497
0.207763672,-0.929443359,0.208984375,-4.96673584,11.26098633,12.29095459,0,0.975041112,17.39384497
0.207763672,-0.929443359,0.208984375,-4.96673584,11.26098633,12.29095459,0,0.975041112,17.39384497
0.114990234,-1.021728516,0.043457031,-8.361816406,37.98675537,-3.807067871,0,1.029096899,39.08205884
0.114990234,-1.021728516,0.043457031,-8.361816406,37.98675537,-3.807067871,0,1.029096899,39.08205884
0.114990234,-1.021728516,0.043457031,-8.361816406,37.98675537,-3.807067871,0,1.029096899,39.08205884
0.114990234,-1.021728516,0.043457031,-8.361816406,37.98675537,-3.807067871,0,1.029096899,39.08205884
0.114990234,-1.021728516,0.043457031,-8.361816406,37.98675537,-3.807067871,0,1.029096899,39.08205884
0.114990234,-1.021728516,0.043457031,-8.361816406,37.98675537,-3.807067871,0,1.029096899,39.08205884
0.114990234,-1.021728516,0.043457031,-8.361816406,37.98675537,-3.807067871,0,1.029096899,39.08205884
0.114990234,-1.021728516,0.043457031,-8.361816406,37.98675537,-3.807067871,0,1.029096899,39.08205884
0.114990234,-1.021728516,0.043457031,-8.361816406,37.98675537,-3.807067871,0,1.029096899,39.08205884
0.114990234,-1.021728516,0.043457031,-8.361816406,37.98675537,-3.807067871,0,1.029096899,39.08205884
0.114990234,-1.021728516,0.043457031,-8.361816406,37.98675537,-3.807067871,0,1.029096899,39.08205884
0.114990234,-1.021728516,0.043457031,-8.361816406,37.98675537,-3.807067871,0,1.029096899,39.08205884
0.114990234,-1.021728516,0.043457031,-8.361816406,37.98675537,-3.807067871,0,1.029096899,39.08205884
0.253417969,-0.991699219,0.066650391,6.256103516,-9.056091309,21.00372314,0,1.025734021,23.71303454
0.253417969,-0.991699219,0.066650391,6.256103516,-9.056091309,21.00372314,0,1.025734021,23.71303454
0.253417969,-0.991699219,0.066650391,6.256103516,-9.056091309,21.00372314,0,1.025734021,23.71303454
0.253417969,-0.991699219,0.066650391,6.256103516,-9.056091309,21.00372314,0,1.025734021,23.71303454
0.253417969,-0.991699219,0.066650391,6.256103516,-9.056091309,21.00372314,0,1.025734021,23.71303454
0.253417969,-0.991699219,0.066650391,6.256103516,-9.056091309,21.00372314,0,1.025734021,23.71303454
0.253417969,-0.991699219,0.066650391,6.256103516,-9.056091309,21.00372314,0,1.025734021,23.71303454
0.143798828,-0.920654297,0.072753906,-7.911682129,23.88000488,-5.599975586,0,0.934652646,25.77225395
0.143798828,-0.920654297,0.072753906,-7.911682129,23.88000488,-5.599975586,0,0.934652646,25.77225395
0.143798828,-0.920654297,0.072753906,-7.911682129,23.88000488,-5.599975586,0,0.934652646,25.77225395
0.143798828,-0.920654297,0.072753906,-7.911682129,23.88000488,-5.599975586,0,0.934652646,25.77225395
0.368652344,-0.943603516,0.141357422,7.705688477,-10.597229,12.42828369,0,1.022875391,18.05937798
0.368652344,-0.943603516,0.141357422,7.705688477,-10.597229,12.42828369,0,1.022875391,18.05937798
0.368652344,-0.943603516,0.141357422,7.705688477,-10.597229,12.42828369,0,1.022875391,18.05937798
0.368652344,-0.943603516,0.141357422,7.705688477,-10.597229,12.42828369,0,1.022875391,18.05937798
0.368652344,-0.943603516,0.141357422,7.705688477,-10.597229,12.42828369,0,1.022875391,18.05937798
0.269287109,-1.000732422,0.147705078,-17.8527832,28.72467041,4.043579102,0,1.046803572,34.06140177
0.269287109,-1.000732422,0.147705078,-17.8527832,28.72467041,4.043579102,0,1.046803572,34.06140177
0.269287109,-1.000732422,0.147705078,-17.8527832,28.72467041,4.043579102,0,1.046803572,34.06140177
0.269287109,-1.000732422,0.147705078,-17.8527832,28.72467041,4.043579102,0,1.046803572,34.06140177
0.269287109,-1.000732422,0.147705078,-17.8527832,28.72467041,4.043579102,0,1.046803572,34.06140177
0.074707031,-0.951904297,0.047363281,-12.550354,52.30712891,2.288818359,0,0.956005341,53.84037342
0.074707031,-0.951904297,0.047363281,-12.550354,52.30712891,2.288818359,0,0.956005341,53.84037342
0.074707031,-0.951904297,0.047363281,-12.550354,52.30712891,2.288818359,0,0.956005341,53.84037342
0.368408203,-0.960693359,0.099609375,-5.767822266,30.63964844,7.011413574,0,1.03372064,31.95646649
0.368408203,-0.960693359,0.099609375,-5.767822266,30.63964844,7.011413574,0,1.03372064,31.95646649
0.368408203,-0.960693359,0.099609375,-5.767822266,30.63964844,7.011413574,0,1.03372064,31.95646649
0.368408203,-0.960693359,0.099609375,-5.767822266,30.63964844,7.011413574,0,1.03372064,31.95646649
0.368408203,-0.960693359,0.099609375,-5.767822266,30.63964844,7.011413574,0,1.03372064,31.95646649
0.368408203,-0.960693359,0.099609375,-5.767822266,30.63964844,7.011413574,0,1.03372064,31.95646649
0.368408203,-0.960693359,0.099609375,-5.767822266,30.63964844,7.011413574,0,1.03372064,31.95646649
0.368408203,-0.960693359,0.099609375,-5.767822266,30.63964844,7.011413574,0,1.03372064,31.95646649
0.368408203,-0.960693359,0.099609375,-5.767822266,30.63964844,7.011413574,0,1.03372064,31.95646649
0.368408203,-0.960693359,0.099609375,-5.767822266,30.63964844,7.011413574,0,1.03372064,31.95646649
0.175048828,-1.032958984,0.038330078,-20.05767822,39.93988037,-1.579284668,0,1.048387119,44.72134434
0.175048828,-1.032958984,0.038330078,-20.05767822,39.93988037,-1.579284668,0,1.048387119,44.72134434
0.175048828,-1.032958984,0.038330078,-20.05767822,39.93988037,-1.579284668,0,1.048387119,44.72134434
0.175048828,-1.032958984,0.038330078,-20.05767822,39.93988037,-1.579284668,0,1.048387119,44.72134434
0.175048828,-1.032958984,0.038330078,-20.05767822,39.93988037,-1.579284668,0,1.048387119,44.72134434
0.168212891,-1.041015625,0.075195313,4.318237305,25.16937256,-17.39501953,0,1.057196029,30.89872478
0.168212891,-1.041015625,0.075195313,4.318237305,25.16937256,-17.39501953,0,1.057196029,30.89872478
0.168212891,-1.041015625,0.075195313,4.318237305,25.16937256,-17.39501953,0,1.057196029,30.89872478
0.168212891,-1.041015625,0.075195313,4.318237305,25.16937256,-17.39501953,0,1.057196029,30.89872478
0.248779297,-0.903564453,0.119873047,-12.87841797,4.585266113,-1.602172852,0,0.944822421,13.76391196
0.248779297,-0.903564453,0.119873047,-12.87841797,4.585266113,-1.602172852,0,0.944822421,13.76391196
0.248779297,-0.903564453,0.119873047,-12.87841797,4.585266113,-1.602172852,0,0.944822421,13.76391196
0.248779297,-0.903564453,0.119873047,-12.87841797,4.585266113,-1.602172852,0,0.944822421,13.76391196
0.248779297,-0.903564453,0.119873047,-12.87841797,4.585266113,-1.602172852,0,0.944822421,13.76391196
0.325195313,-0.926269531,0.01953125,-14.75524902,17.34924316,15.54107666,0,0.981890373,27.57242601
0.325195313,-0.926269531,0.01953125,-14.75524902,17.34924316,15.54107666,0,0.981890373,27.57242601
0.325195313,-0.926269531,0.01953125,-14.75524902,17.34924316,15.54107666,0,0.981890373,27.57242601
0.325195313,-0.926269531,0.01953125,-14.75524902,17.34924316,15.54107666,0,0.981890373,27.57242601
0.325195313,-0.926269531,0.01953125,-14.75524902,17.34924316,15.54107666,0,0.981890373,27.57242601
0.325195313,-0.926269531,0.01953125,-14.75524902,17.34924316,15.54107666,0,0.981890373,27.57242601
0.145263672,-1.001708984,0.106201172,4.493713379,20.9274292,-10.65063477,0,1.017743147,23.907881
0.145263672,-1.001708984,0.106201172,4.493713379,20.9274292,-10.65063477,0,1.017743147,23.907881
0.145263672,-1.001708984,0.106201172,4.493713379,20.9274292,-10.65063477,0,1.017743147,23.907881
0.145263672,-1.001708984,0.106201172,4.493713379,20.9274292,-10.65063477,0,1.017743147,23.907881
0.145263672,-1.001708984,0.106201172,4.493713379,20.9274292,-10.65063477,0,1.017743147,23.907881
0.145263672,-1.001708984,0.106201172,4.493713379,20.9274292,-10.65063477,0,1.017743147,23.907881
0.307617188,-0.871582031,0.084472656,2.670288086,-0.16784668,4.447937012,0,0.928126716,5.190641062
0.307617188,-0.871582031,0.084472656,2.670288086,-0.16784668,4.447937012,0,0.928126716,5.190641062
0.307617188,-0.871582031,0.084472656,2.670288086,-0.16784668,4.447937012,0,0.928126716,5.190641062
0.307617188,-0.871582031,0.084472656,2.670288086,-0.16784668,4.447937012,0,0.928126716,5.190641062
0.262939453,-0.978271484,-0.008789063,-27.15301514,4.837036133,-2.464294434,0,1.013029862,27.69035747
0.262939453,-0.978271484,-0.008789063,-27.15301514,4.837036133,-2.464294434,0,1.013029862,27.69035747
0.262939453,-0.978271484,-0.008789063,-27.15301514,4.837036133,-2.464294434,0,1.013029862,27.69035747
0.262939453,-0.978271484,-0.008789063,-27.15301514,4.837036133,-2.464294434,0,1.013029862,27.69035747
0.147949219,-0.947509766,0.056640625,-8.255004883,32.90557861,1.251220703,0,0.960662213,33.94831016
0.147949219,-0.947509766,0.056640625,-8.255004883,32.90557861,1.251220703,0,0.960662213,33.94831016
0.147949219,-0.947509766,0.056640625,-8.255004883,32.90557861,1.251220703,0,0.960662213,33.94831016
0.147949219,-0.947509766,0.056640625,-8.255004883,32.90557861,1.251220703,0,0.960662213,33.94831016
0.169189453,-0.927978516,0.032714844,0.396728516,-12.08496094,-14.33563232,0,0.94384292,18.75404032
0.169189453,-0.927978516,0.032714844,0.396728516,-12.08496094,-14.33563232,0,0.94384292,18.75404032
0.169189453,-0.927978516,0.032714844,0.396728516,-12.08496094,-14.33563232,0,0.94384292,18.75404032
0.169189453,-0.927978516,0.032714844,0.396728516,-12.08496094,-14.33563232,0,0.94384292,18.75404032
0.274658203,-1.013183594,0.111328125,4.07409668,-15.27404785,10.0402832,0,1.055638231,18.72704163
0.274658203,-1.013183594,0.111328125,4.07409668,-15.27404785,10.0402832,0,1.055638231,18.72704163
0.274658203,-1.013183594,0.111328125,4.07409668,-15.27404785,10.0402832,0,1.055638231,18.72704163
0.274658203,-1.013183594,0.111328125,4.07409668,-15.27404785,10.0402832,0,1.055638231,18.72704163
0.274658203,-1.013183594,0.111328125,4.07409668,-15.27404785,10.0402832,0,1.055638231,18.72704163
0.296386719,-0.849121094,-0.041015625,-18.89038086,4.119873047,-1.342773438,0,0.900296618,19.38099284
0.296386719,-0.849121094,-0.041015625,-18.89038086,4.119873047,-1.342773438,0,0.900296618,19.38099284
0.296386719,-0.849121094,-0.041015625,-18.89038086,4.119873047,-1.342773438,0,0.900296618,19.38099284
0.296386719,-0.849121094,-0.041015625,-18.89038086,4.119873047,-1.342773438,0,0.900296618,19.38099284
0.296386719,-0.849121094,-0.041015625,-18.89038086,4.119873047,-1.342773438,0,0.900296618,19.38099284
0.183349609,-1.020996094,0.1015625,25.31433105,6.500244141,-17.79937744,0,1.042288369,31.62097987
0.183349609,-1.020996094,0.1015625,25.31433105,6.500244141,-17.79937744,0,1.042288369,31.62097987
0.183349609,-1.020996094,0.1015625,25.31433105,6.500244141,-17.79937744,0,1.042288369,31.62097987
0.183349609,-1.020996094,0.1015625,25.31433105,6.500244141,-17.79937744,0,1.042288369,31.62097987
0.341308594,-0.872558594,0.158935547,-9.078979492,-12.47406006,-2.777099609,0,0.950321295,15.67617062
0.341308594,-0.872558594,0.158935547,-9.078979492,-12.47406006,-2.777099609,0,0.950321295,15.67617062
0.341308594,-0.872558594,0.158935547,-9.078979492,-12.47406006,-2.777099609,0,0.950321295,15.67617062
0.341308594,-0.872558594,0.158935547,-9.078979492,-12.47406006,-2.777099609,0,0.950321295,15.67617062
0.269775391,-0.950195313,0.301513672,-7.568359375,-18.79119873,1.129150391,0,1.032744106,20.28950946
0.269775391,-0.950195313,0.301513672,-7.568359375,-18.79119873,1.129150391,0,1.032744106,20.28950946
0.269775391,-0.950195313,0.301513672,-7.568359375,-18.79119873,1.129150391,0,1.032744106,20.28950946
0.269775391,-0.950195313,0.301513672,-7.568359375,-18.79119873,1.129150391,0,1.032744106,20.28950946
0.269775391,-0.950195313,0.301513672,-7.568359375,-18.79119873,1.129150391,0,1.032744106,20.28950946
0.308349609,-0.905273438,0.075683594,-14.86968994,26.59606934,-11.96289063,0,0.959337003,32.73483367
0.308349609,-0.905273438,0.075683594,-14.86968994,26.59606934,-11.96289063,0,0.959337003,32.73483367
0.308349609,-0.905273438,0.075683594,-14.86968994,26.59606934,-11.96289063,0,0.959337003,32.73483367
0.308349609,-0.905273438,0.075683594,-14.86968994,26.59606934,-11.96289063,0,0.959337003,32.73483367
0.049316406,-0.945068359,-0.027099609,8.804321289,21.7666626,-12.15362549,0,0.946742151,26.43887831
0.049316406,-0.945068359,-0.027099609,8.804321289,21.7666626,-12.15362549,0,0.946742151,26.43887831
0.049316406,-0.945068359,-0.027099609,8.804321289,21.7666626,-12.15362549,0,0.946742151,26.43887831
0.049316406,-0.945068359,-0.027099609,8.804321289,21.7666626,-12.15362549,0,0.946742151,26.43887831
0.049316406,-0.945068359,-0.027099609,8.804321289,21.7666626,-12.15362549,0,0.946742151,26.43887831
0.049316406,-0.945068359,-0.027099609,8.804321289,21.7666626,-12.15362549,0,0.946742151,26.43887831
0.368164063,-0.945068359,0.068847656,14.34326172,11.68060303,5.241394043,0,1.016582009,19.22596825
0.368164063,-0.945068359,0.068847656,14.34326172,11.68060303,5.241394043,0,1.016582009,19.22596825
0.368164063,-0.945068359,0.068847656,14.34326172,11.68060303,5.241394043,0,1.016582009,19.22596825
0.368164063,-0.945068359,0.068847656,14.34326172,11.68060303,5.241394043,0,1.016582009,19.22596825
0.263916016,-1.114013672,0.058105469,-20.6451416,43.06793213,-3.433227539,0,1.146322106,47.88377284
0.263916016,-1.114013672,0.058105469,-20.6451416,43.06793213,-3.433227539,0,1.146322106,47.88377284
0.263916016,-1.114013672,0.058105469,-20.6451416,43.06793213,-3.433227539,0,1.146322106,47.88377284
0.263916016,-1.114013672,0.058105469,-20.6451416,43.06793213,-3.433227539,0,1.146322106,47.88377284
0.263916016,-1.114013672,0.058105469,-20.6451416,43.06793213,-3.433227539,0,1.146322106,47.88377284
0.149169922,-0.964599609,0.159912109,24.95574951,41.97692871,-14.17541504,0,0.989078336,50.85070667
0.149169922,-0.964599609,0.159912109,24.95574951,41.97692871,-14.17541504,0,0.989078336,50.85070667
0.149169922,-0.964599609,0.159912109,24.95574951,41.97692871,-14.17541504,0,0.989078336,50.85070667
0.149169922,-0.964599609,0.159912109,24.95574951,41.97692871,-14.17541504,0,0.989078336,50.85070667
0.149169922,-0.964599609,0.159912109,24.95574951,41.97692871,-14.17541504,0,0.989078336,50.85070667
0.334716797,-0.893554688,0.133544922,-10.57434082,0.877380371,-0.045776367,0,0.963488225,10.61077639
0.334716797,-0.893554688,0.133544922,-10.57434082,0.877380371,-0.045776367,0,0.963488225,10.61077639
0.334716797,-0.893554688,0.133544922,-10.57434082,0.877380371,-0.045776367,0,0.963488225,10.61077639
0.334716797,-0.893554688,0.133544922,-10.57434082,0.877380371,-0.045776367,0,0.963488225,10.61077639
0.418212891,-0.751953125,-0.021728516,-19.66094971,41.97692871,15.41137695,0,0.860701837,48.84798898
0.418212891,-0.751953125,-0.021728516,-19.66094971,41.97692871,15.41137695,0,0.860701837,48.84798898
0.418212891,-0.751953125,-0.021728516,-19.66094971,41.97692871,15.41137695,0,0.860701837,48.84798898
0.418212891,-0.751953125,-0.021728516,-19.66094971,41.97692871,15.41137695,0,0.860701837,48.84798898
0.154785156,-0.850341797,0.069335938,-7.011413574,27.80151367,1.770019531,0,0.867091165,28.72659137
0.154785156,-0.850341797,0.069335938,-7.011413574,27.80151367,1.770019531,0,0.867091165,28.72659137
0.154785156,-0.850341797,0.069335938,-7.011413574,27.80151367,1.770019531,0,0.867091165,28.72659137
0.154785156,-0.850341797,0.069335938,-7.011413574,27.80151367,1.770019531,0,0.867091165,28.72659137
0.154785156,-0.850341797,0.069335938,-7.011413574,27.80151367,1.770019531,0,0.867091165,28.72659137
0.267822266,-0.903808594,0.07421875,-3.715515137,-9.864807129,-14.12200928,0,0.9455724,17.62244644
0.267822266,-0.903808594,0.07421875,-3.715515137,-9.864807129,-14.12200928,0,0.9455724,17.62244644
0.267822266,-0.903808594,0.07421875,-3.715515137,-9.864807129,-14.12200928,0,0.9455724,17.62244644
0.267822266,-0.903808594,0.07421875,-3.715515137,-9.864807129,-14.12200928,0,0.9455724,17.62244644
0.330566406,-1.004150391,0.256835938,-8.697509766,-12.31384277,-1.419067383,0,1.087913992,15.14236283
0.330566406,-1.004150391,0.256835938,-8.697509766,-12.31384277,-1.419067383,0,1.087913992,15.14236283
0.330566406,-1.004150391,0.256835938,-8.697509766,-12.31384277,-1.419067383,0,1.087913992,15.14236283
0.330566406,-1.004150391,0.256835938,-8.697509766,-12.31384277,-1.419067383,0,1.087913992,15.14236283
0.330566406,-1.004150391,0.256835938,-8.697509766,-12.31384277,-1.419067383,0,1.087913992,15.14236283
0.330566406,-1.004150391,0.256835938,-8.697509766,-12.31384277,-1.419067383,0,1.087913992,15.14236283
0.330566406,-1.004150391,0.256835938,-8.697509766,-12.31384277,-1.419067383,0,1.087913992,15.14236283
0.330566406,-1.004150391,0.256835938,-8.697509766,-12.31384277,-1.419067383,0,1.087913992,15.14236283
0.330566406,-1.004150391,0.256835938,-8.697509766,-12.31384277,-1.419067383,0,1.087913992,15.14236283
0.236328125,-1.126220703,0.051025391,43.15185547,-6.561279297,-25.84075928,0,1.151880048,50.72354341
0.236328125,-1.126220703,0.051025391,43.15185547,-6.561279297,-25.84075928,0,1.151880048,50.72354341
0.236328125,-1.126220703,0.051025391,43.15185547,-6.561279297,-25.84075928,0,1.151880048,50.72354341
0.236328125,-1.126220703,0.051025391,43.15185547,-6.561279297,-25.84075928,0,1.151880048,50.72354341
0.363525391,-0.827636719,0.108642578,-3.303527832,-9.078979492,3.517150879,0,0.910459476,10.28161053
0.363525391,-0.827636719,0.108642578,-3.303527832,-9.078979492,3.517150879,0,0.910459476,10.28161053
0.363525391,-0.827636719,0.108642578,-3.303527832,-9.078979492,3.517150879,0,0.910459476,10.28161053
0.363525391,-0.827636719,0.108642578,-3.303527832,-9.078979492,3.517150879,0,0.910459476,10.28161053
0.732910156,-1.035400391,0.052978516,-13.55743408,27.19116211,25.68817139,0,1.269652704,39.78750388
0.732910156,-1.035400391,0.052978516,-13.55743408,27.19116211,25.68817139,0,1.269652704,39.78750388
0.732910156,-1.035400391,0.052978516,-13.55743408,27.19116211,25.68817139,0,1.269652704,39.78750388
0.732910156,-1.035400391,0.052978516,-13.55743408,27.19116211,25.68817139,0,1.269652704,39.78750388
0.208496094,-0.949951172,0.115722656,-22.20153809,8.735656738,24.62768555,0,0.979423087,34.28910742
0.208496094,-0.949951172,0.115722656,-22.20153809,8.735656738,24.62768555,0,0.979423087,34.28910742
0.208496094,-0.949951172,0.115722656,-22.20153809,8.735656738,24.62768555,0,0.979423087,34.28910742
0.208496094,-0.949951172,0.115722656,-22.20153809,8.735656738,24.62768555,0,0.979423087,34.28910742
0.342773438,-0.910888672,0.000488281,3.814697266,-12.39013672,-29.89959717,0,0.973248191,32.58915945
0.342773438,-0.910888672,0.000488281,3.814697266,-12.39013672,-29.89959717,0,0.973248191,32.58915945
0.342773438,-0.910888672,0.000488281,3.814697266,-12.39013672,-29.89959717,0,0.973248191,32.58915945
0.342773438,-0.910888672,0.000488281,3.814697266,-12.39013672,-29.89959717,0,0.973248191,32.58915945
0.354003906,-1.065917969,0.329833984,8.377075195,0.129699707,-5.218505859,0,1.170594011,9.870411047
0.354003906,-1.065917969,0.329833984,8.377075195,0.129699707,-5.218505859,0,1.170594011,9.870411047
0.354003906,-1.065917969,0.329833984,8.377075195,0.129699707,-5.218505859,0,1.170594011,9.870411047
0.354003906,-1.065917969,0.329833984,8.377075195,0.129699707,-5.218505859,0,1.170594011,9.870411047
0.354003906,-1.065917969,0.329833984,8.377075195,0.129699707,-5.218505859,0,1.170594011,9.870411047
0.125244141,-0.867431641,0.072753906,-24.24621582,-6.271362305,-15.05279541,0,0.87944123,29.21978125
0.125244141,-0.867431641,0.072753906,-24.24621582,-6.271362305,-15.05279541,0,0.87944123,29.21978125
0.125244141,-0.867431641,0.072753906,-24.24621582,-6.271362305,-15.05279541,0,0.87944123,29.21978125
0.125244141,-0.867431641,0.072753906,-24.24621582,-6.271362305,-15.05279541,0,0.87944123,29.21978125
0.278076172,-0.914794922,-0.040283203,2.960205078,-1.625061035,-13.64135742,0,0.956973794,14.05312313
0.278076172,-0.914794922,-0.040283203,2.960205078,-1.625061035,-13.64135742,0,0.956973794,14.05312313
0.278076172,-0.914794922,-0.040283203,2.960205078,-1.625061035,-13.64135742,0,0.956973794,14.05312313
0.278076172,-0.914794922,-0.040283203,2.960205078,-1.625061035,-13.64135742,0,0.956973794,14.05312313
0.278076172,-0.914794922,-0.040283203,2.960205078,-1.625061035,-13.64135742,0,0.956973794,14.05312313
0.278076172,-0.914794922,-0.040283203,2.960205078,-1.625061035,-13.64135742,0,0.956973794,14.05312313
0.290527344,-0.972900391,0.186523438,22.02606201,-27.25982666,4.989624023,0,1.032343112,35.39974442
0.290527344,-0.972900391,0.186523438,22.02606201,-27.25982666,4.989624023,0,1.032343112,35.39974442
0.290527344,-0.972900391,0.186523438,22.02606201,-27.25982666,4.989624023,0,1.032343112,35.39974442
0.290527344,-0.972900391,0.186523438,22.02606201,-27.25982666,4.989624023,0,1.032343112,35.39974442
0.168457031,-0.968505859,0.119873047,-13.64898682,23.0178833,5.210876465,0,0.990328692,27.26299738
0.168457031,-0.968505859,0.119873047,-13.64898682,23.0178833,5.210876465,0,0.990328692,27.26299738
0.168457031,-0.968505859,0.119873047,-13.64898682,23.0178833,5.210876465,0,0.990328692,27.26299738
0.168457031,-0.968505859,0.119873047,-13.64898682,23.0178833,5.210876465,0,0.990328692,27.26299738
0.231201172,-0.993652344,-0.062988281,15.91491699,-10.25390625,-26.9241333,0,1.022138193,32.91407192
0.231201172,-0.993652344,-0.062988281,15.91491699,-10.25390625,-26.9241333,0,1.022138193,32.91407192
0.231201172,-0.993652344,-0.062988281,15.91491699,-10.25390625,-26.9241333,0,1.022138193,32.91407192
0.231201172,-0.993652344,-0.062988281,15.91491699,-10.25390625,-26.9241333,0,1.022138193,32.91407192
0.231201172,-0.993652344,-0.062988281,15.91491699,-10.25390625,-26.9241333,0,1.022138193,32.91407192
0.277099609,-0.784912109,0.208496094,22.78900146,-17.35687256,-11.48986816,0,0.858103627,30.86448903
0.277099609,-0.784912109,0.208496094,22.78900146,-17.35687256,-11.48986816,0,0.858103627,30.86448903
0.277099609,-0.784912109,0.208496094,22.78900146,-17.35687256,-11.48986816,0,0.858103627,30.86448903
0.277099609,-0.784912109,0.208496094,22.78900146,-17.35687256,-11.48986816,0,0.858103627,30.86448903
0.206054688,-0.974121094,0.059814453,-16.85333252,3.517150879,-9.750366211,0,0.997470906,19.78572234
0.206054688,-0.974121094,0.059814453,-16.85333252,3.517150879,-9.750366211,0,0.997470906,19.78572234
0.206054688,-0.974121094,0.059814453,-16.85333252,3.517150879,-9.750366211,0,0.997470906,19.78572234
0.206054688,-0.974121094,0.059814453,-16.85333252,3.517150879,-9.750366211,0,0.997470906,19.78572234
0.056884766,-1.053710938,-0.068359375,33.80584717,-1.983642578,-33.0581665,0,1.057457148,47.32454451
0.056884766,-1.053710938,-0.068359375,33.80584717,-1.983642578,-33.0581665,0,1.057457148,47.32454451
0.056884766,-1.053710938,-0.068359375,33.80584717,-1.983642578,-33.0581665,0,1.057457148,47.32454451
0.056884766,-1.053710938,-0.068359375,33.80584717,-1.983642578,-33.0581665,0,1.057457148,47.32454451
0.315673828,-0.888916016,0.228027344,50.27770996,24.88708496,9.559631348,0,0.970473141,56.90871347
0.315673828,-0.888916016,0.228027344,50.27770996,24.88708496,9.559631348,0,0.970473141,56.90871347
0.315673828,-0.888916016,0.228027344,50.27770996,24.88708496,9.559631348,0,0.970473141,56.90871347
0.315673828,-0.888916016,0.228027344,50.27770996,24.88708496,9.559631348,0,0.970473141,56.90871347
0.14453125,-0.732910156,-0.026611328,-44.98291016,0.89263916,3.227233887,0,0.747498991,45.10736137
0.14453125,-0.732910156,-0.026611328,-44.98291016,0.89263916,3.227233887,0,0.747498991,45.10736137
